start,episode,block_translation,block_rotation,ee_translation,ee_rotation,block_score,ee_score,block_rotation_deg,ee_rotation_deg,rot_per_meter
431814,2148,0.23910511832478457,0.9097821712603567,4.233385816057362,1.77197937402893,2.18007363767879,0.2398244423911753,52.126678689466694,101.5269395160912,218.006461125606
431815,2148,0.2258427028952609,0.8454180941873034,4.349089764568137,1.7429044168849188,2.1448063610266015,0.22961371771667277,48.438888720926,99.86106718221562,214.47969591337426
709081,3527,0.2304382481370717,0.786265618037449,5.305820206537276,1.1840612115239706,1.9549575601718943,0.127862813545812,45.04970148979108,67.84171010547055,195.4949161394341
1193192,5936,0.24427265988713717,0.8720382215453932,4.839907916203543,0.6695656358997035,2.0454236526636613,0.07926449351721158,49.964109668645285,38.36328504404617,204.5415362906112
1193193,5936,0.23126107662286352,0.8259457074909371,4.9548986335057394,0.7581850716203866,2.0463106801600115,0.0876724385686657,47.32320314617752,43.4408046936722,204.63019201955464
1541733,7670,0.2344354826556874,1.1071051390678404,4.631054593574373,1.0992447050759484,2.705752922787754,0.135999437804822,63.432451945831325,62.98208225295475,270.5741496684772
1554891,7735,0.22676047077614095,0.8649888776742686,5.594068898389887,1.1476365941162565,2.1855753633464694,0.11754365978404731,49.56021201649343,65.75473325762978,218.5565821515565
1579800,7859,0.2316056610741354,0.8119572101866738,4.415433415804788,0.16073650352580993,2.008660715135158,0.020857574732971982,46.5217212889131,9.209523265718586,200.86521291381112
1826354,9086,0.22830492291170262,0.8942178230820792,4.478447075350255,1.2111653759551806,2.244143679882487,0.15495251593260745,51.234907227979264,69.39466433460748,224.41339486314763
